mlog_loss,mstd,params
-0.8613730853528961,0.011429215396017808,"{'criterion': 'entropy', 'max_features': 0.39212524640855784, 'min_samples_split': 2, 'n_estimators': 4432.46486721086}"
-0.8614125235592571,0.01141780226615716,"{'criterion': 'entropy', 'max_features': 0.4259885911353934, 'min_samples_split': 2, 'n_estimators': 4509.623813003341}"
-0.8614245332763953,0.01140666332981563,"{'criterion': 'entropy', 'max_features': 0.4323169645970112, 'min_samples_split': 2, 'n_estimators': 4409.443726686771}"
-0.861426964183558,0.011359499647243811,"{'criterion': 'entropy', 'max_features': 0.38562221337442737, 'min_samples_split': 2, 'n_estimators': 4471.243972874543}"
-0.8614299152375292,0.011345746379515012,"{'criterion': 'entropy', 'max_features': 0.40097705454493665, 'min_samples_split': 2, 'n_estimators': 4534.805017241412}"
-0.8614338366032696,0.011497294098802261,"{'criterion': 'entropy', 'max_features': 0.39152307537465136, 'min_samples_split': 2, 'n_estimators': 4671.918524802274}"
-0.8614351622221539,0.011364941404022583,"{'criterion': 'entropy', 'max_features': 0.4120724140785063, 'min_samples_split': 2, 'n_estimators': 4459.652667574837}"
-0.8614378553972919,0.011374197040627556,"{'criterion': 'entropy', 'max_features': 0.43617544004296727, 'min_samples_split': 2, 'n_estimators': 4481.726220609704}"
-0.8614416340161041,0.011375728198800445,"{'criterion': 'entropy', 'max_features': 0.430155250283428, 'min_samples_split': 2, 'n_estimators': 4485.249001275379}"
-0.8614452593067407,0.011376609212554631,"{'criterion': 'entropy', 'max_features': 0.40547048397641083, 'min_samples_split': 2, 'n_estimators': 4402.344168783795}"
-0.8614526745246355,0.01136315477881555,"{'criterion': 'entropy', 'max_features': 0.3917779636613512, 'min_samples_split': 2, 'n_estimators': 4399.758699110503}"
-0.8614638272894564,0.011510588303957145,"{'criterion': 'entropy', 'max_features': 0.43036615354128355, 'min_samples_split': 2, 'n_estimators': 4687.049832236363}"
-0.8614814136468179,0.01137088453993393,"{'criterion': 'entropy', 'max_features': 0.38930060154622553, 'min_samples_split': 2, 'n_estimators': 4389.951221583697}"
-0.8614921708841748,0.01152246331675419,"{'criterion': 'entropy', 'max_features': 0.44557909747884905, 'min_samples_split': 2, 'n_estimators': 4700.208028968519}"
-0.8615036238439495,0.011551285094483586,"{'criterion': 'entropy', 'max_features': 0.4188808647270468, 'min_samples_split': 2, 'n_estimators': 4714.193167445129}"
-0.8615103302102763,0.011419463071762065,"{'criterion': 'entropy', 'max_features': 0.45658159017673833, 'min_samples_split': 2, 'n_estimators': 4280.007521842479}"
-0.861514449352993,0.01139155942181529,"{'criterion': 'entropy', 'max_features': 0.4489842259718829, 'min_samples_split': 2, 'n_estimators': 4229.804293296544}"
-0.8615219847929284,0.011420602628804715,"{'criterion': 'entropy', 'max_features': 0.45556182847948545, 'min_samples_split': 2, 'n_estimators': 4239.015150316061}"
-0.8615293563038758,0.011363490004481412,"{'criterion': 'entropy', 'max_features': 0.38654413739769855, 'min_samples_split': 2, 'n_estimators': 4292.361655795836}"
-0.8615651705108478,0.011399868150817115,"{'criterion': 'entropy', 'max_features': 0.40256134146505806, 'min_samples_split': 2, 'n_estimators': 4330.635456258215}"
-0.861579034537128,0.011563709304346567,"{'criterion': 'entropy', 'max_features': 0.44195603155405444, 'min_samples_split': 2, 'n_estimators': 4887.437203636457}"
-0.8615825321837034,0.011347763308955816,"{'criterion': 'entropy', 'max_features': 0.42719564428596246, 'min_samples_split': 2, 'n_estimators': 4194.397206892075}"
-0.861603709338756,0.011358536320139362,"{'criterion': 'entropy', 'max_features': 0.39291168562402384, 'min_samples_split': 2, 'n_estimators': 4317.9150403121075}"
-0.861629880253323,0.011545836976312588,"{'criterion': 'entropy', 'max_features': 0.43550551188112463, 'min_samples_split': 2, 'n_estimators': 4781.707072542371}"
-0.8616536689567666,0.011368025681389175,"{'criterion': 'entropy', 'max_features': 0.38941461774039104, 'min_samples_split': 2, 'n_estimators': 4153.32164258148}"
-0.8616614107072247,0.011330270530261508,"{'criterion': 'entropy', 'max_features': 0.4586492605437193, 'min_samples_split': 2, 'n_estimators': 4148.289098749205}"
-0.8617211341802118,0.011549033010546767,"{'criterion': 'entropy', 'max_features': 0.4242689164285891, 'min_samples_split': 2, 'n_estimators': 4807.188928001089}"
-0.861726073274806,0.011576973086959838,"{'criterion': 'entropy', 'max_features': 0.4508763939013706, 'min_samples_split': 2, 'n_estimators': 4823.6994741858425}"
-0.861736890426925,0.011307474753542778,"{'criterion': 'entropy', 'max_features': 0.3878967631997834, 'min_samples_split': 2, 'n_estimators': 4110.939446477218}"
-0.861754367961763,0.011289703738718192,"{'criterion': 'entropy', 'max_features': 0.4246967119006034, 'min_samples_split': 2, 'n_estimators': 4112.619457634148}"
-0.8618428701476913,0.011167587834940528,"{'criterion': 'entropy', 'max_features': 0.42845399238485843, 'min_samples_split': 2, 'n_estimators': 3691.8133587246957}"
-0.8618682790469109,0.011177821018492056,"{'criterion': 'entropy', 'max_features': 0.4188088613024065, 'min_samples_split': 2, 'n_estimators': 3696.485604836542}"
-0.8618685226103413,0.011201294089205751,"{'criterion': 'entropy', 'max_features': 0.4336603099539769, 'min_samples_split': 2, 'n_estimators': 3709.061645979127}"
-0.8618740244409313,0.011183835834743746,"{'criterion': 'entropy', 'max_features': 0.4268013526510055, 'min_samples_split': 2, 'n_estimators': 3703.2153109254336}"
-0.8619048570119373,0.011122286347139389,"{'criterion': 'entropy', 'max_features': 0.4587508929083908, 'min_samples_split': 2, 'n_estimators': 3768.8664486744337}"
-0.8619558880023515,0.011146914866666047,"{'criterion': 'entropy', 'max_features': 0.4032834874913052, 'min_samples_split': 2, 'n_estimators': 3649.8184438452226}"
-0.8619630566170535,0.01122430760815269,"{'criterion': 'entropy', 'max_features': 0.3892771050671773, 'min_samples_split': 2, 'n_estimators': 4004.5855662405547}"
-0.8619695832887595,0.011122909752525136,"{'criterion': 'entropy', 'max_features': 0.4364895117358919, 'min_samples_split': 2, 'n_estimators': 3580.0304840265517}"
-0.8619804635529809,0.011208488540847432,"{'criterion': 'entropy', 'max_features': 0.4404198293065997, 'min_samples_split': 2, 'n_estimators': 3993.3369498305788}"
-0.8619804635529809,0.011208488540847432,"{'criterion': 'entropy', 'max_features': 0.42031650225275674, 'min_samples_split': 2, 'n_estimators': 3992.950381238743}"
-0.8619864764086067,0.011098490611122712,"{'criterion': 'entropy', 'max_features': 0.4236530757958938, 'min_samples_split': 2, 'n_estimators': 3780.5340168104813}"
-0.8619872295310664,0.011189028058524376,"{'criterion': 'entropy', 'max_features': 0.455131130842144, 'min_samples_split': 2, 'n_estimators': 3824.0793425516144}"
-0.8619874230417727,0.011219162516891515,"{'criterion': 'entropy', 'max_features': 0.41514010204082497, 'min_samples_split': 2, 'n_estimators': 3998.463553614136}"
-0.8620281992962624,0.01115064701469864,"{'criterion': 'entropy', 'max_features': 0.4021753025275371, 'min_samples_split': 2, 'n_estimators': 3974.122915354167}"
-0.8620588756150142,0.011065352772479905,"{'criterion': 'entropy', 'max_features': 0.43668631768035315, 'min_samples_split': 2, 'n_estimators': 3893.3954960267442}"
-0.8621652445372977,0.011119598504276277,"{'criterion': 'entropy', 'max_features': 0.5025874578328239, 'min_samples_split': 2, 'n_estimators': 3531.1244827969804}"
-0.8622300618936082,0.011023909633431604,"{'criterion': 'entropy', 'max_features': 0.45823191693456433, 'min_samples_split': 2, 'n_estimators': 3511.3017461118593}"
-0.8622518102271327,0.011111077109693493,"{'criterion': 'entropy', 'max_features': 0.4447573699478694, 'min_samples_split': 2, 'n_estimators': 3479.164659250953}"
-0.8622660122818054,0.011081312532093478,"{'criterion': 'entropy', 'max_features': 0.41161742893636954, 'min_samples_split': 2, 'n_estimators': 3473.9042945019214}"
-0.862274556382677,0.011171272706200915,"{'criterion': 'entropy', 'max_features': 0.5262852538646472, 'min_samples_split': 2, 'n_estimators': 3090.030892059567}"
-0.8623245496235491,0.011134929843929999,"{'criterion': 'entropy', 'max_features': 0.4936412507285346, 'min_samples_split': 2, 'n_estimators': 3495.6683989374083}"
-0.8623938254662573,0.011058826547005995,"{'criterion': 'entropy', 'max_features': 0.5142388207749993, 'min_samples_split': 2, 'n_estimators': 4667.391095278742}"
-0.8624058627744494,0.011064280829962985,"{'criterion': 'entropy', 'max_features': 0.5041417973165935, 'min_samples_split': 2, 'n_estimators': 3896.0885994338378}"
-0.8624240147074502,0.011174775718329831,"{'criterion': 'entropy', 'max_features': 0.4177417932935276, 'min_samples_split': 2, 'n_estimators': 3357.341411269699}"
-0.8624335845085117,0.010962382743802186,"{'criterion': 'entropy', 'max_features': 0.5001763016381408, 'min_samples_split': 2, 'n_estimators': 3441.5477501136347}"
-0.8624403474170272,0.01112054331397742,"{'criterion': 'entropy', 'max_features': 0.4137215328675904, 'min_samples_split': 2, 'n_estimators': 3395.464861646152}"
-0.8624473650491288,0.010829014234961404,"{'criterion': 'entropy', 'max_features': 0.48973074324013066, 'min_samples_split': 2, 'n_estimators': 4343.706239276485}"
-0.8624488525930427,0.01083506891913901,"{'criterion': 'entropy', 'max_features': 0.5174575296936966, 'min_samples_split': 2, 'n_estimators': 4394.116159514031}"
-0.8624525164151695,0.011176854513412025,"{'criterion': 'entropy', 'max_features': 0.5352470870735868, 'min_samples_split': 2, 'n_estimators': 4801.935897650704}"
-0.8624613103409565,0.010820441567328197,"{'criterion': 'entropy', 'max_features': 0.4621654549184085, 'min_samples_split': 2, 'n_estimators': 4326.580687128449}"
-0.8624724478076804,0.01087622331886603,"{'criterion': 'entropy', 'max_features': 0.4653483818421924, 'min_samples_split': 2, 'n_estimators': 4360.745361212124}"
-0.8625057175846764,0.010862788675852601,"{'criterion': 'entropy', 'max_features': 0.4643073087874418, 'min_samples_split': 2, 'n_estimators': 4157.246513470621}"
-0.8625260754833401,0.010847085960619667,"{'criterion': 'entropy', 'max_features': 0.5120975474564888, 'min_samples_split': 2, 'n_estimators': 4166.870668484028}"
-0.8625357433295878,0.011111044851081933,"{'criterion': 'entropy', 'max_features': 0.4845729435811455, 'min_samples_split': 2, 'n_estimators': 4758.929740897395}"
-0.8625378628056561,0.011117638879389076,"{'criterion': 'entropy', 'max_features': 0.46456000692441757, 'min_samples_split': 2, 'n_estimators': 4763.33839592384}"
-0.8625386214917901,0.012385612047834295,"{'criterion': 'entropy', 'max_features': 0.5509509680224322, 'min_samples_split': 2, 'n_estimators': 3012.334383597877}"
-0.8625388941135583,0.011989932940213784,"{'criterion': 'entropy', 'max_features': 0.5816659840562819, 'min_samples_split': 2, 'n_estimators': 4969.608146860511}"
-0.8625443104311813,0.010909411889894239,"{'criterion': 'entropy', 'max_features': 0.49167378496924286, 'min_samples_split': 2, 'n_estimators': 4197.5214149145795}"
-0.8625443104311813,0.010909411889894239,"{'criterion': 'entropy', 'max_features': 0.5164646934963808, 'min_samples_split': 2, 'n_estimators': 4197.648959491684}"
-0.8625613579363979,0.012667834533222774,"{'criterion': 'gini', 'max_features': 0.4646261398952849, 'min_samples_split': 2, 'n_estimators': 4895.962467526038}"
-0.8625653914561253,0.0110501850640385,"{'criterion': 'entropy', 'max_features': 0.4170490658734167, 'min_samples_split': 2, 'n_estimators': 3328.3131463342693}"
-0.8625655752291281,0.01193991607521906,"{'criterion': 'entropy', 'max_features': 0.5586066474632931, 'min_samples_split': 2, 'n_estimators': 4958.818068814934}"
-0.8625821029401891,0.010993863608280996,"{'criterion': 'entropy', 'max_features': 0.4370440973744999, 'min_samples_split': 2, 'n_estimators': 3253.7687625882704}"
-0.8625887985198961,0.010814000778514207,"{'criterion': 'entropy', 'max_features': 0.5276763709098126, 'min_samples_split': 2, 'n_estimators': 4270.512897049025}"
-0.8625989323640567,0.010915246992000516,"{'criterion': 'entropy', 'max_features': 0.5235590288956996, 'min_samples_split': 2, 'n_estimators': 4056.423589970288}"
-0.8626097831989903,0.01097274385237672,"{'criterion': 'entropy', 'max_features': 0.49532046478424174, 'min_samples_split': 2, 'n_estimators': 4037.0970043951384}"
-0.8626159567258818,0.010879560275959661,"{'criterion': 'entropy', 'max_features': 0.47899795597087913, 'min_samples_split': 2, 'n_estimators': 4225.434064243774}"
-0.8626284541688494,0.011133286662745765,"{'criterion': 'entropy', 'max_features': 0.45147448681265784, 'min_samples_split': 2, 'n_estimators': 2863.260459818295}"
-0.8626338402907366,0.011046775728419595,"{'criterion': 'entropy', 'max_features': 0.5063556385629723, 'min_samples_split': 2, 'n_estimators': 4994.991423295154}"
-0.8626429139706095,0.010850810997003042,"{'criterion': 'entropy', 'max_features': 0.4985129019258361, 'min_samples_split': 2, 'n_estimators': 4218.963428534875}"
-0.8626498064823952,0.01103261771299681,"{'criterion': 'entropy', 'max_features': 0.47395525575327496, 'min_samples_split': 2, 'n_estimators': 4999.43259355463}"
-0.8626537885019265,0.011966400707940628,"{'criterion': 'entropy', 'max_features': 0.6098314826529816, 'min_samples_split': 2, 'n_estimators': 4885.872848673402}"
-0.8626543736868101,0.011312271982757484,"{'criterion': 'entropy', 'max_features': 0.46848805711396585, 'min_samples_split': 2, 'n_estimators': 2322.4623336100835}"
-0.8626634298281013,0.010996502491952845,"{'criterion': 'entropy', 'max_features': 0.38934111247692316, 'min_samples_split': 2, 'n_estimators': 3175.8203492459184}"
-0.8626662379575072,0.011012518828679773,"{'criterion': 'entropy', 'max_features': 0.524497619639005, 'min_samples_split': 2, 'n_estimators': 4999.531136964014}"
-0.8626702138796608,0.010809706415570166,"{'criterion': 'entropy', 'max_features': 0.40432974617837947, 'min_samples_split': 2, 'n_estimators': 3090.105135079495}"
-0.8626747207580984,0.011693139347269729,"{'criterion': 'entropy', 'max_features': 0.46978563288351666, 'min_samples_split': 2, 'n_estimators': 1610.960608620374}"
-0.8626813736392378,0.01112377480169469,"{'criterion': 'entropy', 'max_features': 0.46893749015442404, 'min_samples_split': 2, 'n_estimators': 4928.53434155861}"
-0.8626827432935504,0.011100170760389414,"{'criterion': 'entropy', 'max_features': 0.5002918992619657, 'min_samples_split': 2, 'n_estimators': 4922.082493401029}"
-0.8627000034175658,0.010926596215511517,"{'criterion': 'entropy', 'max_features': 0.4198385759952642, 'min_samples_split': 2, 'n_estimators': 2903.731286843179}"
-0.8627154127777098,0.012082579465488973,"{'criterion': 'entropy', 'max_features': 0.5849113537965671, 'min_samples_split': 2, 'n_estimators': 4425.558496402258}"
-0.8627313867759551,0.011985576539415208,"{'criterion': 'entropy', 'max_features': 0.5980935306803316, 'min_samples_split': 2, 'n_estimators': 3209.88509098085}"
-0.8627469229042692,0.011904737317329472,"{'criterion': 'entropy', 'max_features': 0.5591141685724799, 'min_samples_split': 2, 'n_estimators': 4723.438290155964}"
-0.8627615716648205,0.012598118603068108,"{'criterion': 'gini', 'max_features': 0.46815241901397175, 'min_samples_split': 2, 'n_estimators': 4330.385067057604}"
-0.8627618277474746,0.012067412578421274,"{'criterion': 'entropy', 'max_features': 0.5826821958509363, 'min_samples_split': 2, 'n_estimators': 4514.75792393362}"
-0.8627699080314353,0.012182115028384363,"{'criterion': 'entropy', 'max_features': 0.5969882777877771, 'min_samples_split': 2, 'n_estimators': 4486.81881848279}"
-0.8628028229248976,0.01173416296272407,"{'criterion': 'entropy', 'max_features': 0.5606472577173184, 'min_samples_split': 2, 'n_estimators': 3719.983385856935}"
-0.8628231074722386,0.011522341011115279,"{'criterion': 'entropy', 'max_features': 0.5336017587815702, 'min_samples_split': 2, 'n_estimators': 2179.2567986244917}"
-0.8628257095207555,0.012522348733216107,"{'criterion': 'gini', 'max_features': 0.5219084726731662, 'min_samples_split': 2, 'n_estimators': 4278.720884834208}"
-0.8628257549210152,0.01264545220875134,"{'criterion': 'gini', 'max_features': 0.5344705691652121, 'min_samples_split': 2, 'n_estimators': 4265.355527292105}"
-0.8628386062671434,0.012547787569548254,"{'criterion': 'gini', 'max_features': 0.4706919306284086, 'min_samples_split': 2, 'n_estimators': 4436.898665720051}"
-0.862839949046274,0.012544465962269453,"{'criterion': 'gini', 'max_features': 0.5337448050407461, 'min_samples_split': 2, 'n_estimators': 4434.5305237492485}"
-0.8628503955672635,0.01230557689655627,"{'criterion': 'entropy', 'max_features': 0.6731321976892279, 'min_samples_split': 2, 'n_estimators': 3081.1864331066554}"
-0.8628549747613554,0.011226967600739601,"{'criterion': 'entropy', 'max_features': 0.48226932953637164, 'min_samples_split': 2, 'n_estimators': 2466.1881583816717}"
-0.8628692978810986,0.011835052905351497,"{'criterion': 'entropy', 'max_features': 0.5702740926653356, 'min_samples_split': 2, 'n_estimators': 4279.909906164133}"
-0.8628971865373458,0.01182604112890313,"{'criterion': 'entropy', 'max_features': 0.5830770145691235, 'min_samples_split': 2, 'n_estimators': 3224.692022103396}"
-0.8629298931419438,0.010820473516293708,"{'criterion': 'entropy', 'max_features': 0.4319979122776433, 'min_samples_split': 2, 'n_estimators': 2198.538808381122}"
-0.862967563238708,0.01315758676746464,"{'criterion': 'gini', 'max_features': 0.48394773033145544, 'min_samples_split': 2, 'n_estimators': 3211.6511403644145}"
-0.8630137006114846,0.011835651259791578,"{'criterion': 'entropy', 'max_features': 0.5741081061512658, 'min_samples_split': 2, 'n_estimators': 3545.520529155223}"
-0.8633958735687928,0.010354121976793395,"{'criterion': 'entropy', 'max_features': 0.40774331995672575, 'min_samples_split': 2, 'n_estimators': 2103.3239424738013}"
-0.8634847244901567,0.010598742392428332,"{'criterion': 'entropy', 'max_features': 0.41271064392462903, 'min_samples_split': 2, 'n_estimators': 1338.8880331251962}"
-0.8634981754120787,0.012847903214372368,"{'criterion': 'entropy', 'max_features': 0.5596111209524496, 'min_samples_split': 2, 'n_estimators': 1707.6163253499453}"
-0.8635034411426901,0.012663778369043444,"{'criterion': 'entropy', 'max_features': 0.6322644509777767, 'min_samples_split': 2, 'n_estimators': 3627.7049963378663}"
-0.8635042264932749,0.01118079858805848,"{'criterion': 'entropy', 'max_features': 0.3792843943813767, 'min_samples_split': 2, 'n_estimators': 4698.335906608424}"
-0.8635205181346028,0.011173502248015702,"{'criterion': 'entropy', 'max_features': 0.3760184293079833, 'min_samples_split': 2, 'n_estimators': 4210.148849685645}"
-0.8635513374089315,0.011234070573051558,"{'criterion': 'entropy', 'max_features': 0.3390930944385456, 'min_samples_split': 2, 'n_estimators': 4327.714898031185}"
-0.8635563342720246,0.011167075758774516,"{'criterion': 'entropy', 'max_features': 0.3382564965064537, 'min_samples_split': 2, 'n_estimators': 4149.179661125653}"
-0.8635602111112888,0.012488206103192552,"{'criterion': 'entropy', 'max_features': 0.6426333259587694, 'min_samples_split': 2, 'n_estimators': 3583.857157213864}"
-0.8635611878118938,0.011096519473531484,"{'criterion': 'entropy', 'max_features': 0.3677106999740793, 'min_samples_split': 2, 'n_estimators': 4359.90344536643}"
-0.8635661443821437,0.011119376724899687,"{'criterion': 'entropy', 'max_features': 0.31164849956083196, 'min_samples_split': 2, 'n_estimators': 4592.523259684907}"
-0.8635662248815663,0.01112189769256849,"{'criterion': 'entropy', 'max_features': 0.32464412835678247, 'min_samples_split': 2, 'n_estimators': 4523.78999021001}"
-0.8635767428288246,0.011156894104604072,"{'criterion': 'entropy', 'max_features': 0.3593684031685353, 'min_samples_split': 2, 'n_estimators': 4347.147273842911}"
-0.8635854007404962,0.01108106190311625,"{'criterion': 'entropy', 'max_features': 0.35680806699900947, 'min_samples_split': 2, 'n_estimators': 4488.260031296239}"
-0.8635857281052362,0.011114184240793062,"{'criterion': 'entropy', 'max_features': 0.36502601759267755, 'min_samples_split': 2, 'n_estimators': 4591.154248840725}"
-0.8635884818524836,0.011064261608492155,"{'criterion': 'entropy', 'max_features': 0.3598631218364248, 'min_samples_split': 2, 'n_estimators': 4249.144001212817}"
-0.8635916969292193,0.01114930539710832,"{'criterion': 'entropy', 'max_features': 0.3527198708879331, 'min_samples_split': 2, 'n_estimators': 4550.796049278706}"
-0.8635965411262969,0.011149760196719153,"{'criterion': 'entropy', 'max_features': 0.35621367165079787, 'min_samples_split': 2, 'n_estimators': 4561.695509264047}"
-0.8635969949171743,0.011091887311788416,"{'criterion': 'entropy', 'max_features': 0.34233098989758504, 'min_samples_split': 2, 'n_estimators': 4476.19563631425}"
-0.8636127902120639,0.01110531022575095,"{'criterion': 'entropy', 'max_features': 0.37190931953720463, 'min_samples_split': 2, 'n_estimators': 4468.152352748972}"
-0.8636175666396498,0.012559456406142542,"{'criterion': 'entropy', 'max_features': 0.6643163081690464, 'min_samples_split': 2, 'n_estimators': 3516.313929307823}"
-0.8636214245663358,0.010965720725234825,"{'criterion': 'entropy', 'max_features': 0.37419475074746084, 'min_samples_split': 2, 'n_estimators': 4810.329022279578}"
-0.8636445675737112,0.01092742815476093,"{'criterion': 'entropy', 'max_features': 0.34688388867872205, 'min_samples_split': 2, 'n_estimators': 4798.158120070458}"
-0.8636450060601504,0.011030614702484386,"{'criterion': 'entropy', 'max_features': 0.3479802279511789, 'min_samples_split': 2, 'n_estimators': 4848.261504574689}"
-0.8636597543687726,0.010969903755683687,"{'criterion': 'entropy', 'max_features': 0.3194473095157309, 'min_samples_split': 2, 'n_estimators': 4776.378382661974}"
-0.863685902650948,0.01128078694312249,"{'criterion': 'entropy', 'max_features': 0.32439722285786843, 'min_samples_split': 2, 'n_estimators': 3642.5171882113686}"
-0.8637297004062165,0.011121330919787812,"{'criterion': 'entropy', 'max_features': 0.3790059810524483, 'min_samples_split': 2, 'n_estimators': 4097.346400771159}"
-0.8637429630877659,0.011238855687277484,"{'criterion': 'entropy', 'max_features': 0.311086025666963, 'min_samples_split': 2, 'n_estimators': 3061.7872294190315}"
-0.8637477568989734,0.011081024573765197,"{'criterion': 'entropy', 'max_features': 0.3670461058962247, 'min_samples_split': 2, 'n_estimators': 4902.147701749192}"
-0.8637482360347996,0.011070905602585519,"{'criterion': 'entropy', 'max_features': 0.33416675691830433, 'min_samples_split': 2, 'n_estimators': 4943.452726733626}"
-0.8637486416625718,0.011106355132732573,"{'criterion': 'entropy', 'max_features': 0.36009904837350815, 'min_samples_split': 2, 'n_estimators': 4081.7260021629245}"
-0.8637551597008271,0.011408380051390223,"{'criterion': 'entropy', 'max_features': 0.31112955827721694, 'min_samples_split': 2, 'n_estimators': 3827.3292769878612}"
-0.8637641451311469,0.011471039907961222,"{'criterion': 'entropy', 'max_features': 0.3155303800196405, 'min_samples_split': 2, 'n_estimators': 3535.227350789457}"
-0.8637698960820913,0.010344666675877632,"{'criterion': 'entropy', 'max_features': 0.42936486270893237, 'min_samples_split': 2, 'n_estimators': 1572.245508071438}"
-0.8637881510233354,0.011362343820808297,"{'criterion': 'entropy', 'max_features': 0.31471229339199414, 'min_samples_split': 2, 'n_estimators': 3769.026625129624}"
-0.863791914407644,0.01127420115449706,"{'criterion': 'entropy', 'max_features': 0.33260396510105217, 'min_samples_split': 2, 'n_estimators': 1960.7906156877054}"
-0.8637970996833321,0.011335137841525057,"{'criterion': 'entropy', 'max_features': 0.3670048216176851, 'min_samples_split': 2, 'n_estimators': 3871.7692526083583}"
-0.8638010188812306,0.011115940982239454,"{'criterion': 'entropy', 'max_features': 0.36674192476223905, 'min_samples_split': 2, 'n_estimators': 4021.279776079072}"
-0.8638059341991445,0.012077503184263197,"{'criterion': 'gini', 'max_features': 0.39752634701515355, 'min_samples_split': 2, 'n_estimators': 4907.907251029396}"
-0.8638175588472222,0.011238626249789253,"{'criterion': 'entropy', 'max_features': 0.3257354060281164, 'min_samples_split': 2, 'n_estimators': 3890.0980363532303}"
-0.8638186841818554,0.012556765650723231,"{'criterion': 'entropy', 'max_features': 0.6884553759683293, 'min_samples_split': 2, 'n_estimators': 4417.954847860199}"
-0.8638245213024115,0.011322442915780728,"{'criterion': 'entropy', 'max_features': 0.3686268774498466, 'min_samples_split': 2, 'n_estimators': 3851.5744940999425}"
-0.8638834596977569,0.01151786248734648,"{'criterion': 'entropy', 'max_features': 0.3802866894201651, 'min_samples_split': 2, 'n_estimators': 3443.2727341487907}"
-0.8638915468215567,0.012853792969921663,"{'criterion': 'entropy', 'max_features': 0.6244948911537404, 'min_samples_split': 2, 'n_estimators': 4913.227328183579}"
-0.8639013705014849,0.012063280236277032,"{'criterion': 'gini', 'max_features': 0.4461171012060087, 'min_samples_split': 2, 'n_estimators': 4733.042980850771}"
-0.8639098958380076,0.010567618310316412,"{'criterion': 'gini', 'max_features': 0.37894719192448667, 'min_samples_split': 2, 'n_estimators': 3556.3594260546593}"
-0.8640709248542982,0.012510920654908587,"{'criterion': 'entropy', 'max_features': 0.3361910509191958, 'min_samples_split': 2, 'n_estimators': 864.4069019923113}"
-0.8641064178105978,0.011188171801524963,"{'criterion': 'entropy', 'max_features': 0.3152626381324532, 'min_samples_split': 2, 'n_estimators': 2665.4958729379023}"
-0.8642296095040433,0.011415567112206574,"{'criterion': 'entropy', 'max_features': 0.3538801783401799, 'min_samples_split': 2, 'n_estimators': 2835.2571634032724}"
-0.8642668173623977,0.012617184638007215,"{'criterion': 'entropy', 'max_features': 0.7263489257586568, 'min_samples_split': 2, 'n_estimators': 4623.383801966385}"
-0.8642723102311674,0.01322624704417853,"{'criterion': 'gini', 'max_features': 0.5473384480076982, 'min_samples_split': 2, 'n_estimators': 4886.482009218857}"
-0.8642865926059038,0.011315424202493957,"{'criterion': 'entropy', 'max_features': 0.3822536439848472, 'min_samples_split': 2, 'n_estimators': 2885.1804704365436}"
-0.8643871627362089,0.012149202280947891,"{'criterion': 'gini', 'max_features': 0.396838619947634, 'min_samples_split': 2, 'n_estimators': 3905.1635786742386}"
-0.8643874342130516,0.01231398992751195,"{'criterion': 'entropy', 'max_features': 0.7651301978762257, 'min_samples_split': 2, 'n_estimators': 4138.972481962319}"
-0.8643929449135523,0.012786360742156515,"{'criterion': 'entropy', 'max_features': 0.7178284773814616, 'min_samples_split': 2, 'n_estimators': 2221.287612640021}"
-0.8645017401132531,0.013187280884539762,"{'criterion': 'gini', 'max_features': 0.579711272554852, 'min_samples_split': 2, 'n_estimators': 4624.284223995423}"
-0.8645340074145462,0.012055475823753353,"{'criterion': 'gini', 'max_features': 0.4415067607727167, 'min_samples_split': 2, 'n_estimators': 3812.0450826813862}"
-0.8645934670151153,0.0123087431890719,"{'criterion': 'entropy', 'max_features': 0.6970480470706455, 'min_samples_split': 2, 'n_estimators': 3959.7203588728503}"
-0.8645978194541886,0.012235432200354536,"{'criterion': 'entropy', 'max_features': 0.7158821785557902, 'min_samples_split': 2, 'n_estimators': 4048.572888417771}"
-0.864813148754517,0.012421978322343978,"{'criterion': 'entropy', 'max_features': 0.7740968649923996, 'min_samples_split': 2, 'n_estimators': 4379.429145408749}"
-0.8648649811886214,0.012340841947709158,"{'criterion': 'entropy', 'max_features': 0.7563559877371462, 'min_samples_split': 2, 'n_estimators': 3503.5187965727446}"
-0.8648726852648864,0.012842690520121257,"{'criterion': 'gini', 'max_features': 0.5982718722894054, 'min_samples_split': 2, 'n_estimators': 4257.198031144615}"
-0.8649038109788479,0.012311104894319927,"{'criterion': 'entropy', 'max_features': 0.7156122995235268, 'min_samples_split': 2, 'n_estimators': 3311.395809122773}"
-0.8649355625735125,0.01220225893709885,"{'criterion': 'entropy', 'max_features': 0.7364595703017781, 'min_samples_split': 2, 'n_estimators': 3621.508631759353}"
-0.8650223542381008,0.011956940048130605,"{'criterion': 'entropy', 'max_features': 0.7745248361214838, 'min_samples_split': 2, 'n_estimators': 2996.3504739354844}"
-0.8650610227199367,0.012524021436872005,"{'criterion': 'entropy', 'max_features': 0.8263669245029399, 'min_samples_split': 2, 'n_estimators': 4749.901246832085}"
-0.8651257635519413,0.01279430182064536,"{'criterion': 'gini', 'max_features': 0.5488475634214335, 'min_samples_split': 2, 'n_estimators': 4172.269789562053}"
-0.865203495480076,0.01256501632254295,"{'criterion': 'entropy', 'max_features': 0.7954640227607755, 'min_samples_split': 2, 'n_estimators': 4633.675574180392}"
-0.865224231601386,0.012540754434436498,"{'criterion': 'entropy', 'max_features': 0.8301252212703334, 'min_samples_split': 2, 'n_estimators': 4626.845552967937}"
-0.8652697302442469,0.011851965600635868,"{'criterion': 'gini', 'max_features': 0.40622328780666317, 'min_samples_split': 2, 'n_estimators': 1823.5711168184137}"
-0.8654100971776121,0.01262112878287653,"{'criterion': 'gini', 'max_features': 0.588851476023222, 'min_samples_split': 2, 'n_estimators': 3398.832633946391}"
-0.8655330068109389,0.012836401518541964,"{'criterion': 'gini', 'max_features': 0.6027228963705811, 'min_samples_split': 2, 'n_estimators': 2514.2006614817833}"
-0.8655724820477287,0.012596337968892183,"{'criterion': 'gini', 'max_features': 0.5396970542984179, 'min_samples_split': 2, 'n_estimators': 3353.1599984169934}"
-0.8659906240822851,0.011494397192692218,"{'criterion': 'gini', 'max_features': 0.30135478389897075, 'min_samples_split': 2, 'n_estimators': 3606.8730694483543}"
-0.865996674458658,0.011151248779798957,"{'criterion': 'entropy', 'max_features': 0.3007621248643727, 'min_samples_split': 2, 'n_estimators': 4833.949338028482}"
-0.8660409596782811,0.013275365651759068,"{'criterion': 'gini', 'max_features': 0.6410286882672389, 'min_samples_split': 2, 'n_estimators': 4089.842682733389}"
-0.8660971888710893,0.013339519649841959,"{'criterion': 'gini', 'max_features': 0.6295625083129694, 'min_samples_split': 2, 'n_estimators': 3270.401396144476}"
-0.8661043690177882,0.013635488738143832,"{'criterion': 'entropy', 'max_features': 0.8714411099675609, 'min_samples_split': 2, 'n_estimators': 4522.831528460554}"
-0.8661466522642938,0.011045042813712127,"{'criterion': 'entropy', 'max_features': 0.3014458434203584, 'min_samples_split': 2, 'n_estimators': 4946.52441791412}"
-0.8661711233608583,0.011128161575358361,"{'criterion': 'entropy', 'max_features': 0.3014648619770276, 'min_samples_split': 2, 'n_estimators': 4583.919132280995}"
-0.8662881165291679,0.011121934743459535,"{'criterion': 'entropy', 'max_features': 0.30268557945265984, 'min_samples_split': 2, 'n_estimators': 4416.554936057741}"
-0.8663448424561858,0.011195440879014185,"{'criterion': 'entropy', 'max_features': 0.3014723236654054, 'min_samples_split': 2, 'n_estimators': 4226.747275671477}"
-0.8663840770458846,0.012008187442105701,"{'criterion': 'gini', 'max_features': 0.30087219006871513, 'min_samples_split': 2, 'n_estimators': 4511.2967224973945}"
-0.8664300497713784,0.01162314860501033,"{'criterion': 'entropy', 'max_features': 0.30271834358857985, 'min_samples_split': 2, 'n_estimators': 3724.8716189218576}"
-0.8664595436367014,0.011335315771839813,"{'criterion': 'entropy', 'max_features': 0.3013949993755761, 'min_samples_split': 2, 'n_estimators': 4110.779318895125}"
-0.8664675014010121,0.012801272045383113,"{'criterion': 'gini', 'max_features': 0.7551218779783069, 'min_samples_split': 2, 'n_estimators': 4751.082220152549}"
-0.8664968729163662,0.01146867811113665,"{'criterion': 'entropy', 'max_features': 0.30152015925332043, 'min_samples_split': 2, 'n_estimators': 4052.6330343571976}"
-0.8668767873006262,0.012455312043434872,"{'criterion': 'gini', 'max_features': 0.7015609065721047, 'min_samples_split': 2, 'n_estimators': 3760.793800707302}"
-0.8675156061971216,0.011110990521270327,"{'criterion': 'entropy', 'max_features': 0.5491048661213045, 'min_samples_split': 3, 'n_estimators': 4863.110988691823}"
-0.8676802805150714,0.011056955265177193,"{'criterion': 'entropy', 'max_features': 0.5786756419581549, 'min_samples_split': 3, 'n_estimators': 4641.510127770273}"
-0.8677205300904642,0.010949919964425629,"{'criterion': 'entropy', 'max_features': 0.569753311069521, 'min_samples_split': 3, 'n_estimators': 3952.005202881762}"
-0.8677494117536231,0.01087409571143906,"{'criterion': 'entropy', 'max_features': 0.5542827742550567, 'min_samples_split': 3, 'n_estimators': 3898.2750125796474}"
-0.868098685509727,0.013788842291678914,"{'criterion': 'entropy', 'max_features': 0.963158224354419, 'min_samples_split': 2, 'n_estimators': 4398.706155794944}"
-0.8681443836825272,0.014019039561162728,"{'criterion': 'entropy', 'max_features': 0.9972876407387339, 'min_samples_split': 2, 'n_estimators': 4996.6176552515035}"
-0.8681505494699822,0.014015183781431718,"{'criterion': 'entropy', 'max_features': 0.9799173387215308, 'min_samples_split': 2, 'n_estimators': 4998.111503785441}"
-0.8681561894357834,0.011376643571815868,"{'criterion': 'entropy', 'max_features': 0.563961231179661, 'min_samples_split': 3, 'n_estimators': 3334.4070933333796}"
-0.8682386124382795,0.013997659282017983,"{'criterion': 'entropy', 'max_features': 0.995902196458758, 'min_samples_split': 2, 'n_estimators': 4718.503297860732}"
-0.8686574905021935,0.01487857542457434,"{'criterion': 'gini', 'max_features': 0.856838806667018, 'min_samples_split': 2, 'n_estimators': 4316.318601556724}"
-0.8687146755986566,0.014847177574239463,"{'criterion': 'gini', 'max_features': 0.9162047141614973, 'min_samples_split': 2, 'n_estimators': 4392.354509051287}"
-0.8687159281694955,0.01446014362391389,"{'criterion': 'gini', 'max_features': 0.8815480616400313, 'min_samples_split': 2, 'n_estimators': 3786.455931643379}"
-0.8688431021089962,0.011657544340422396,"{'criterion': 'entropy', 'max_features': 0.47766087462383067, 'min_samples_split': 3, 'n_estimators': 4991.9186176514995}"
-0.8688431021089962,0.011657544340422396,"{'criterion': 'entropy', 'max_features': 0.5223277021329735, 'min_samples_split': 3, 'n_estimators': 4992.008783059809}"
-0.8688821840935018,0.011947228338977158,"{'criterion': 'entropy', 'max_features': 0.655266267246736, 'min_samples_split': 3, 'n_estimators': 4006.0668966556946}"
-0.8691934242381174,0.011765290768218443,"{'criterion': 'entropy', 'max_features': 0.6695893959161463, 'min_samples_split': 3, 'n_estimators': 2955.756836971579}"
-0.8692226526805786,0.01165514936700616,"{'criterion': 'entropy', 'max_features': 0.4937904651050581, 'min_samples_split': 3, 'n_estimators': 4239.63853014111}"
-0.8695521613663045,0.014263821691633006,"{'criterion': 'entropy', 'max_features': 0.6990349258090293, 'min_samples_split': 3, 'n_estimators': 1067.8338546591533}"
-0.8695753816649434,0.011361881894339525,"{'criterion': 'entropy', 'max_features': 0.5014771889039714, 'min_samples_split': 3, 'n_estimators': 3244.1443289357712}"
-0.8696383002516066,0.011509049939136888,"{'criterion': 'entropy', 'max_features': 0.5321533579840434, 'min_samples_split': 3, 'n_estimators': 3306.661092071135}"
-0.8697046506133843,0.018495376397729357,"{'criterion': 'entropy', 'max_features': 0.5197397834533191, 'min_samples_split': 2, 'n_estimators': 709.9096991628589}"
-0.8697948091519686,0.011632360908672411,"{'criterion': 'entropy', 'max_features': 0.385402234743948, 'min_samples_split': 3, 'n_estimators': 4100.338864725364}"
-0.8698230653020772,0.011578989976054197,"{'criterion': 'entropy', 'max_features': 0.4564880404243703, 'min_samples_split': 3, 'n_estimators': 4342.173648070979}"
-0.8698504917331917,0.01135249034751007,"{'criterion': 'entropy', 'max_features': 0.40001409865735277, 'min_samples_split': 3, 'n_estimators': 4616.077060452764}"
-0.8698810913495457,0.011333595336974936,"{'criterion': 'entropy', 'max_features': 0.440627914219553, 'min_samples_split': 3, 'n_estimators': 4550.228937964729}"
-0.8699263420344925,0.011225225759891355,"{'criterion': 'entropy', 'max_features': 0.41367583658835605, 'min_samples_split': 3, 'n_estimators': 4999.3002791568615}"
-0.870033222135335,0.011306203185150231,"{'criterion': 'gini', 'max_features': 0.4862035100580392, 'min_samples_split': 3, 'n_estimators': 4553.424543534252}"
-0.8703437988366731,0.013093170191188289,"{'criterion': 'entropy', 'max_features': 0.9037665574017457, 'min_samples_split': 3, 'n_estimators': 4540.585109065868}"
-0.8704389107902747,0.012671809910291546,"{'criterion': 'gini', 'max_features': 0.5541474233177465, 'min_samples_split': 3, 'n_estimators': 4411.872952822172}"
-0.8706470731668536,0.011507019274566571,"{'criterion': 'gini', 'max_features': 0.4228670219789118, 'min_samples_split': 3, 'n_estimators': 4874.3776439713965}"
-0.8707553670106598,0.010754376109755867,"{'criterion': 'gini', 'max_features': 0.466009710624563, 'min_samples_split': 3, 'n_estimators': 2952.162903060526}"
-0.8707941744177263,0.011473438380907253,"{'criterion': 'gini', 'max_features': 0.41863237158724625, 'min_samples_split': 3, 'n_estimators': 4048.325466535135}"
-0.8718642357706623,0.010759205629483215,"{'criterion': 'entropy', 'max_features': 0.3128735617636458, 'min_samples_split': 3, 'n_estimators': 2395.050819934018}"
-0.8719087092521051,0.01050901888798473,"{'criterion': 'entropy', 'max_features': 0.3413186301222161, 'min_samples_split': 3, 'n_estimators': 3940.7362478746495}"
-0.8720000775020328,0.010479466114184094,"{'criterion': 'entropy', 'max_features': 0.34525257259209174, 'min_samples_split': 3, 'n_estimators': 3972.0011486444173}"
-0.8720468720510347,0.010500642536659116,"{'criterion': 'entropy', 'max_features': 0.33136195294551724, 'min_samples_split': 3, 'n_estimators': 3742.5942939211563}"
-0.8720705348235335,0.010919357424949335,"{'criterion': 'gini', 'max_features': 0.3635239693128854, 'min_samples_split': 3, 'n_estimators': 3400.8270818617025}"
-0.8720837853736028,0.01049376732659469,"{'criterion': 'entropy', 'max_features': 0.3664517249959046, 'min_samples_split': 3, 'n_estimators': 4846.9036435960825}"
-0.8721124637682494,0.010233761248841143,"{'criterion': 'entropy', 'max_features': 0.38176432022389806, 'min_samples_split': 3, 'n_estimators': 4439.389757625711}"
-0.8721555360435065,0.010399252193466543,"{'criterion': 'entropy', 'max_features': 0.35991292744838665, 'min_samples_split': 3, 'n_estimators': 4611.288143155559}"
-0.8721637002976991,0.010471136293071689,"{'criterion': 'entropy', 'max_features': 0.34339524205358674, 'min_samples_split': 3, 'n_estimators': 3598.503873241494}"
-0.8722871889711306,0.010495364100413471,"{'criterion': 'entropy', 'max_features': 0.379477918656033, 'min_samples_split': 3, 'n_estimators': 2775.5209994601473}"
-0.8725952263027466,0.010518184354312114,"{'criterion': 'gini', 'max_features': 0.31709887088399635, 'min_samples_split': 3, 'n_estimators': 4847.813261254689}"
-0.8739007561699796,0.014295201922903907,"{'criterion': 'gini', 'max_features': 0.9429545868476487, 'min_samples_split': 3, 'n_estimators': 4039.627145416125}"
-0.8744077049927486,0.013640627579569216,"{'criterion': 'gini', 'max_features': 0.9768210054433499, 'min_samples_split': 3, 'n_estimators': 2651.834049973236}"
-0.8755547887759677,0.010579359941394533,"{'criterion': 'entropy', 'max_features': 0.5454205547446634, 'min_samples_split': 4, 'n_estimators': 4745.924815001044}"
-0.8755767293708654,0.010502149682200517,"{'criterion': 'entropy', 'max_features': 0.6124914522957231, 'min_samples_split': 4, 'n_estimators': 4693.365063158439}"
-0.8757900347995445,0.02915819682698727,"{'criterion': 'entropy', 'max_features': 0.9296979939009358, 'min_samples_split': 2, 'n_estimators': 3907.4034015509374}"
-0.876263200870768,0.011628633081620014,"{'criterion': 'entropy', 'max_features': 0.6420506747469323, 'min_samples_split': 4, 'n_estimators': 4524.942759112266}"
-0.876373228011379,0.01136020928474369,"{'criterion': 'entropy', 'max_features': 0.657513824974326, 'min_samples_split': 4, 'n_estimators': 4028.2217799261616}"
-0.8764697399024095,0.019553862490692464,"{'criterion': 'entropy', 'max_features': 0.37010545666439193, 'min_samples_split': 2, 'n_estimators': 256.2087103554709}"
-0.8764842848866137,0.011151604253943065,"{'criterion': 'entropy', 'max_features': 0.741779825063746, 'min_samples_split': 4, 'n_estimators': 2080.598305236631}"
-0.8767349543421334,0.010759924921120009,"{'criterion': 'entropy', 'max_features': 0.5745063083991091, 'min_samples_split': 4, 'n_estimators': 1125.9574951508484}"
-0.876859020697132,0.011245349466201817,"{'criterion': 'entropy', 'max_features': 0.4796466773330191, 'min_samples_split': 4, 'n_estimators': 4624.384546182882}"
-0.8771187304432045,0.011223881886319297,"{'criterion': 'entropy', 'max_features': 0.5454900091501643, 'min_samples_split': 4, 'n_estimators': 1010.0930536028093}"
-0.87711922322197,0.01123668546926036,"{'criterion': 'entropy', 'max_features': 0.5017448666649618, 'min_samples_split': 4, 'n_estimators': 4057.185253086972}"
-0.8771373524847814,0.011804276390535379,"{'criterion': 'entropy', 'max_features': 0.8374680438136017, 'min_samples_split': 4, 'n_estimators': 4100.763173436601}"
-0.8773108761961683,0.011260605949880506,"{'criterion': 'entropy', 'max_features': 0.5069550370624889, 'min_samples_split': 4, 'n_estimators': 3861.861218485517}"
-0.8773245241885576,0.011264914823668338,"{'criterion': 'entropy', 'max_features': 0.4808501592846215, 'min_samples_split': 4, 'n_estimators': 3824.258358524946}"
-0.8773745616047833,0.011300034731242584,"{'criterion': 'entropy', 'max_features': 0.528856061308968, 'min_samples_split': 4, 'n_estimators': 3770.5975380346977}"
-0.8776632416405519,0.010407188223656457,"{'criterion': 'entropy', 'max_features': 0.4852946984656326, 'min_samples_split': 4, 'n_estimators': 854.5931410310855}"
-0.8776793922218389,0.029121550474751522,"{'criterion': 'entropy', 'max_features': 0.7976773940846693, 'min_samples_split': 3, 'n_estimators': 1506.1083061610834}"
-0.8777149708867598,0.012241186542078876,"{'criterion': 'entropy', 'max_features': 0.6662136774846525, 'min_samples_split': 4, 'n_estimators': 1436.2934174288705}"
-0.8778082662313856,0.01104996062678762,"{'criterion': 'entropy', 'max_features': 0.49811318187257314, 'min_samples_split': 4, 'n_estimators': 2762.698476473477}"
-0.8784659061438717,0.012924018644871676,"{'criterion': 'entropy', 'max_features': 0.9839386909239605, 'min_samples_split': 4, 'n_estimators': 4322.8131837231585}"
-0.878498443269107,0.012389698737897817,"{'criterion': 'gini', 'max_features': 0.660772854359111, 'min_samples_split': 4, 'n_estimators': 3178.68707979594}"
-0.8785232272897627,0.009624526379897072,"{'criterion': 'entropy', 'max_features': 0.3854221900267712, 'min_samples_split': 4, 'n_estimators': 4717.862616940789}"
-0.8785545793076641,0.009628687044338545,"{'criterion': 'entropy', 'max_features': 0.4555123256110981, 'min_samples_split': 4, 'n_estimators': 4750.24473177351}"
-0.8785558155785331,0.009646531347477066,"{'criterion': 'entropy', 'max_features': 0.39614287768484563, 'min_samples_split': 4, 'n_estimators': 4743.201924426398}"
-0.8788820658901223,0.009808425875372775,"{'criterion': 'entropy', 'max_features': 0.4026998168870518, 'min_samples_split': 4, 'n_estimators': 3650.874271536731}"
-0.8788991758211011,0.0095811838656186,"{'criterion': 'entropy', 'max_features': 0.46100104978781153, 'min_samples_split': 4, 'n_estimators': 4064.622154883607}"
-0.8789256312449328,0.01110279101267159,"{'criterion': 'gini', 'max_features': 0.5133331282720308, 'min_samples_split': 4, 'n_estimators': 2596.1288998111268}"
-0.8791325873646845,0.00976969642597403,"{'criterion': 'entropy', 'max_features': 0.4423053024063626, 'min_samples_split': 4, 'n_estimators': 3429.2212222945186}"
-0.8791334160947345,0.008551149345844113,"{'criterion': 'entropy', 'max_features': 0.3886192103725455, 'min_samples_split': 4, 'n_estimators': 1488.4305514262724}"
-0.8793027917742764,0.009843368911334525,"{'criterion': 'entropy', 'max_features': 0.4438075865801619, 'min_samples_split': 4, 'n_estimators': 3093.4942876516247}"
-0.8816236507115377,0.009359115779243787,"{'criterion': 'entropy', 'max_features': 0.32715544990366685, 'min_samples_split': 4, 'n_estimators': 4453.615043266528}"
-0.8817683914116963,0.009024712800863033,"{'criterion': 'entropy', 'max_features': 0.3476987799891509, 'min_samples_split': 4, 'n_estimators': 2337.1998873862567}"
-0.8817853697186961,0.009217473007012951,"{'criterion': 'entropy', 'max_features': 0.3176041710467102, 'min_samples_split': 4, 'n_estimators': 4124.812266149028}"
-0.8817861513881644,0.0093771223711413,"{'criterion': 'entropy', 'max_features': 0.3299406749047926, 'min_samples_split': 4, 'n_estimators': 4285.123312546053}"
-0.8818458635303488,0.009198815898336528,"{'criterion': 'entropy', 'max_features': 0.3479815399434976, 'min_samples_split': 4, 'n_estimators': 4074.577310629182}"
-0.8818683142305426,0.010165482419648776,"{'criterion': 'gini', 'max_features': 0.35101580903201574, 'min_samples_split': 4, 'n_estimators': 2552.489311801226}"
-0.8818924846929587,0.009203693005795205,"{'criterion': 'entropy', 'max_features': 0.3560935267587954, 'min_samples_split': 4, 'n_estimators': 3660.0750978124065}"
-0.8820165711857466,0.009027610400807939,"{'criterion': 'entropy', 'max_features': 0.32949577596709223, 'min_samples_split': 4, 'n_estimators': 2946.8553536176687}"
-0.8820486224533163,0.008974408995137786,"{'criterion': 'entropy', 'max_features': 0.3756380157878101, 'min_samples_split': 4, 'n_estimators': 2985.687618375995}"
-0.8821059297031834,0.01029348016858276,"{'criterion': 'gini', 'max_features': 0.33828467328500955, 'min_samples_split': 4, 'n_estimators': 3445.2509362430624}"
-0.8822432215323502,0.013712979545207392,"{'criterion': 'gini', 'max_features': 0.7945011283659023, 'min_samples_split': 4, 'n_estimators': 381.43387178771627}"
-0.8823682716250894,0.00995667350574903,"{'criterion': 'gini', 'max_features': 0.3239983390724577, 'min_samples_split': 4, 'n_estimators': 4348.019589155205}"
-0.8826384794892596,0.010285874006104118,"{'criterion': 'entropy', 'max_features': 0.6173385734519217, 'min_samples_split': 5, 'n_estimators': 3202.8652680458063}"
-0.8832445569511129,0.011018270282715646,"{'criterion': 'entropy', 'max_features': 0.8135338671405774, 'min_samples_split': 5, 'n_estimators': 4373.124240242461}"
-0.8835621997944163,0.011610273829812511,"{'criterion': 'entropy', 'max_features': 0.8462199806421167, 'min_samples_split': 5, 'n_estimators': 4182.231176945179}"
-0.883750879221403,0.010490312988539176,"{'criterion': 'entropy', 'max_features': 0.5635461491534867, 'min_samples_split': 5, 'n_estimators': 4336.022612470872}"
-0.8838027170290317,0.010277241015034749,"{'criterion': 'entropy', 'max_features': 0.5655921417834567, 'min_samples_split': 5, 'n_estimators': 3038.8883122375596}"
-0.88381866918515,0.010534766156084672,"{'criterion': 'entropy', 'max_features': 0.5405141433487453, 'min_samples_split': 5, 'n_estimators': 4615.844908281297}"
-0.8839341217311256,0.010109707799591314,"{'criterion': 'entropy', 'max_features': 0.6117907825753912, 'min_samples_split': 5, 'n_estimators': 3972.186861335643}"
-0.8841035791524021,0.010195356664475299,"{'criterion': 'entropy', 'max_features': 0.592332713303765, 'min_samples_split': 5, 'n_estimators': 3701.3066238014744}"
-0.8850328268674363,0.009708294425922791,"{'criterion': 'entropy', 'max_features': 0.5003703409904119, 'min_samples_split': 5, 'n_estimators': 2593.828540952983}"
-0.8850792944414918,0.00976163335977671,"{'criterion': 'entropy', 'max_features': 0.46603318843493435, 'min_samples_split': 5, 'n_estimators': 4393.077114915837}"
-0.8851652627232756,0.009521338279798876,"{'criterion': 'entropy', 'max_features': 0.5340569846510169, 'min_samples_split': 5, 'n_estimators': 4672.341275872698}"
-0.8854054565461906,0.011404559568279595,"{'criterion': 'gini', 'max_features': 0.6873248811641849, 'min_samples_split': 5, 'n_estimators': 3841.219323475995}"
-0.8854391589155828,0.009526539047345952,"{'criterion': 'entropy', 'max_features': 0.4787417828272358, 'min_samples_split': 5, 'n_estimators': 4929.231291472588}"
-0.8856767653329554,0.009789859624182265,"{'criterion': 'entropy', 'max_features': 0.4721703190223026, 'min_samples_split': 5, 'n_estimators': 1645.76332891106}"
-0.8858557621761405,0.009223138144467262,"{'criterion': 'gini', 'max_features': 0.47699990083000043, 'min_samples_split': 5, 'n_estimators': 4602.538200810745}"
-0.8860608570714412,0.009639753450985753,"{'criterion': 'entropy', 'max_features': 0.5219773247696092, 'min_samples_split': 5, 'n_estimators': 1913.3571791903375}"
-0.8869010404496201,0.012750432962254277,"{'criterion': 'gini', 'max_features': 0.959809745152392, 'min_samples_split': 5, 'n_estimators': 3811.601128771639}"
-0.8874089173747285,0.009645117074055166,"{'criterion': 'entropy', 'max_features': 0.4269898603540289, 'min_samples_split': 5, 'n_estimators': 4992.51644649803}"
-0.8874322401256192,0.009626647122224004,"{'criterion': 'entropy', 'max_features': 0.4008091133679735, 'min_samples_split': 5, 'n_estimators': 4984.987336179602}"
-0.887438887101083,0.0096531332874831,"{'criterion': 'entropy', 'max_features': 0.44090234084296465, 'min_samples_split': 5, 'n_estimators': 3753.396843549716}"
-0.887467841793514,0.012609978875059259,"{'criterion': 'gini', 'max_features': 0.8074722606037621, 'min_samples_split': 5, 'n_estimators': 655.6048942665471}"
-0.8874977776979016,0.009588908636601313,"{'criterion': 'entropy', 'max_features': 0.39297804518068724, 'min_samples_split': 5, 'n_estimators': 4556.449890509247}"
-0.8875143973156167,0.00962766636566254,"{'criterion': 'entropy', 'max_features': 0.4500259046014038, 'min_samples_split': 5, 'n_estimators': 4257.728534151157}"
-0.8875540495643441,0.009548760673764896,"{'criterion': 'entropy', 'max_features': 0.41659540806060996, 'min_samples_split': 5, 'n_estimators': 4788.653106653693}"
-0.887577485299804,0.009140841113024706,"{'criterion': 'entropy', 'max_features': 0.44026957939038325, 'min_samples_split': 5, 'n_estimators': 1280.5784818231793}"
-0.8875863336994814,0.009103117812303396,"{'criterion': 'entropy', 'max_features': 0.3951052570302001, 'min_samples_split': 5, 'n_estimators': 2481.7524236402824}"
-0.887613958370334,0.009176300469226609,"{'criterion': 'entropy', 'max_features': 0.43383792899573387, 'min_samples_split': 5, 'n_estimators': 1377.7654745424318}"
-0.8876198649540967,0.009422847827905761,"{'criterion': 'gini', 'max_features': 0.44367088527090404, 'min_samples_split': 5, 'n_estimators': 4860.669350739803}"
-0.8880897438578849,0.025518812628519027,"{'criterion': 'entropy', 'max_features': 0.4713400140161331, 'min_samples_split': 2, 'n_estimators': 483.8494150982092}"
-0.88825627830729,0.02428943848696355,"{'criterion': 'entropy', 'max_features': 0.45475845827149797, 'min_samples_split': 2, 'n_estimators': 436.3185272115679}"
-0.8901312839788404,0.010483878863525854,"{'criterion': 'entropy', 'max_features': 0.8863904236567264, 'min_samples_split': 6, 'n_estimators': 4653.765225328266}"
-0.8902779246057569,0.009207694733708558,"{'criterion': 'entropy', 'max_features': 0.7078105021602424, 'min_samples_split': 6, 'n_estimators': 3293.146627192881}"
-0.890378479515823,0.00813346052408165,"{'criterion': 'entropy', 'max_features': 0.32229050842035356, 'min_samples_split': 5, 'n_estimators': 1185.3988697259501}"
-0.8904082636725453,0.009122831579694313,"{'criterion': 'entropy', 'max_features': 0.7315523355975344, 'min_samples_split': 6, 'n_estimators': 3119.5789123514987}"
-0.8905207638232749,0.01017214438122036,"{'criterion': 'entropy', 'max_features': 0.6438499521277858, 'min_samples_split': 6, 'n_estimators': 2184.507301947824}"
-0.8905980289839841,0.009847328235858516,"{'criterion': 'entropy', 'max_features': 0.6802791023528719, 'min_samples_split': 6, 'n_estimators': 3583.4603283835713}"
-0.8907416966621866,0.009659565473650497,"{'criterion': 'entropy', 'max_features': 0.6216596430475871, 'min_samples_split': 6, 'n_estimators': 4464.4591799908185}"
-0.8907624618794131,0.009763859530247717,"{'criterion': 'entropy', 'max_features': 0.6301319818898835, 'min_samples_split': 6, 'n_estimators': 3892.220648335631}"
-0.8908061017094816,0.008349849186526329,"{'criterion': 'entropy', 'max_features': 0.38018486040783406, 'min_samples_split': 5, 'n_estimators': 4665.19900923176}"
-0.8908632481432068,0.008268110242473037,"{'criterion': 'entropy', 'max_features': 0.37339361728249926, 'min_samples_split': 5, 'n_estimators': 3737.713416340929}"
-0.8908816931825951,0.008391447319088276,"{'criterion': 'entropy', 'max_features': 0.33109676107868596, 'min_samples_split': 5, 'n_estimators': 4970.305055003528}"
-0.8908997825069294,0.008253599606323764,"{'criterion': 'entropy', 'max_features': 0.3745801727067088, 'min_samples_split': 5, 'n_estimators': 3832.4385203062416}"
-0.8909210007579919,0.008267898922906925,"{'criterion': 'entropy', 'max_features': 0.34960450816981037, 'min_samples_split': 5, 'n_estimators': 4579.0882320074}"
-0.8909221718395168,0.010960150642608309,"{'criterion': 'entropy', 'max_features': 0.8517294932853064, 'min_samples_split': 6, 'n_estimators': 2720.770029148239}"
-0.8909254724516373,0.008299898782826831,"{'criterion': 'entropy', 'max_features': 0.35198630974577294, 'min_samples_split': 5, 'n_estimators': 4593.139334839403}"
-0.8909556437121771,0.0096079219074814,"{'criterion': 'entropy', 'max_features': 0.6781296084270191, 'min_samples_split': 6, 'n_estimators': 4725.128790562602}"
-0.89106987219222,0.00829696373524272,"{'criterion': 'entropy', 'max_features': 0.3540493111463402, 'min_samples_split': 5, 'n_estimators': 2803.8166862400194}"
-0.89132561977439,0.011202083181783869,"{'criterion': 'entropy', 'max_features': 0.940044028745944, 'min_samples_split': 6, 'n_estimators': 4656.327221215364}"
-0.8914981512956686,0.009402341906373223,"{'criterion': 'entropy', 'max_features': 0.5422091231950886, 'min_samples_split': 6, 'n_estimators': 4864.8961608751}"
-0.8915687375891033,0.00996560576644643,"{'criterion': 'entropy', 'max_features': 0.6126208965986277, 'min_samples_split': 6, 'n_estimators': 2613.353440566711}"
-0.8915816941416923,0.010078616530956564,"{'criterion': 'entropy', 'max_features': 0.6054511490348132, 'min_samples_split': 6, 'n_estimators': 2724.8777436389437}"
-0.8917016055439936,0.009328236080975877,"{'criterion': 'entropy', 'max_features': 0.5393615533732335, 'min_samples_split': 6, 'n_estimators': 4459.334855801484}"
-0.8933592058903695,0.009383962975057936,"{'criterion': 'entropy', 'max_features': 0.4793598557375803, 'min_samples_split': 6, 'n_estimators': 4857.028686758855}"
-0.8934116130801792,0.009366685257359186,"{'criterion': 'entropy', 'max_features': 0.5072907168276273, 'min_samples_split': 6, 'n_estimators': 4336.503766643119}"
-0.8936707744990674,0.009503592472057544,"{'criterion': 'entropy', 'max_features': 0.5144762871317138, 'min_samples_split': 6, 'n_estimators': 3585.9975866391223}"
-0.893940589992094,0.0424248425992823,"{'criterion': 'gini', 'max_features': 0.4734246754285648, 'min_samples_split': 2, 'n_estimators': 193.56705483247652}"
-0.8944046329891645,0.008086904689425604,"{'criterion': 'entropy', 'max_features': 0.487619025087397, 'min_samples_split': 6, 'n_estimators': 760.3674289040644}"
-0.8945114002568108,0.008386560692843393,"{'criterion': 'entropy', 'max_features': 0.5127192734867324, 'min_samples_split': 6, 'n_estimators': 586.6499245799153}"
-0.8956856427775606,0.008914899412266843,"{'criterion': 'gini', 'max_features': 0.40072079473138383, 'min_samples_split': 6, 'n_estimators': 1892.3572216471566}"
-0.8961889996643111,0.008514725796191155,"{'criterion': 'entropy', 'max_features': 0.45045310588194926, 'min_samples_split': 6, 'n_estimators': 4998.947740945073}"
-0.8962350719056484,0.008475190255853431,"{'criterion': 'entropy', 'max_features': 0.43093472917069936, 'min_samples_split': 6, 'n_estimators': 3402.6640774808816}"
-0.8964102111883265,0.008713101311256865,"{'criterion': 'entropy', 'max_features': 0.4506528529152178, 'min_samples_split': 6, 'n_estimators': 2829.1067189234745}"
-0.8964563835560903,0.008657182155625985,"{'criterion': 'entropy', 'max_features': 0.44840071463035625, 'min_samples_split': 6, 'n_estimators': 3165.3138876751705}"
-0.8964630320652613,0.010687526279616296,"{'criterion': 'entropy', 'max_features': 0.8940245600744079, 'min_samples_split': 7, 'n_estimators': 3152.066782148744}"
-0.8965154708989477,0.008605256995759434,"{'criterion': 'entropy', 'max_features': 0.40794899192534345, 'min_samples_split': 6, 'n_estimators': 4181.548844465771}"
-0.8965814489217767,0.008563552479699019,"{'criterion': 'entropy', 'max_features': 0.4096396576629857, 'min_samples_split': 6, 'n_estimators': 4105.377539460734}"
-0.8967085477321405,0.00852318285660252,"{'criterion': 'entropy', 'max_features': 0.4605430741275966, 'min_samples_split': 6, 'n_estimators': 3968.7608373407447}"
-0.8971817365298215,0.00870254482302719,"{'criterion': 'entropy', 'max_features': 0.43254900842293514, 'min_samples_split': 6, 'n_estimators': 1739.7959123046871}"
-0.8973960452902927,0.010463834705313863,"{'criterion': 'entropy', 'max_features': 0.817501297566819, 'min_samples_split': 7, 'n_estimators': 2717.720372987753}"
-0.8976704892987879,0.008451273519350627,"{'criterion': 'entropy', 'max_features': 0.3006698596752244, 'min_samples_split': 5, 'n_estimators': 4798.620673929525}"
-0.8978020462113261,0.008956275713805707,"{'criterion': 'gini', 'max_features': 0.7010974229630231, 'min_samples_split': 7, 'n_estimators': 1052.8321572239995}"
-0.8980532186428067,0.010553602223067518,"{'criterion': 'entropy', 'max_features': 0.9111131049839876, 'min_samples_split': 7, 'n_estimators': 988.0465786803811}"
-0.898107461215153,0.009444337916115689,"{'criterion': 'gini', 'max_features': 0.7411047004064484, 'min_samples_split': 7, 'n_estimators': 3814.969072908591}"
-0.8984276467289274,0.008306337947967365,"{'criterion': 'entropy', 'max_features': 0.626495677971645, 'min_samples_split': 7, 'n_estimators': 2422.4879458572404}"
-0.8986396033865333,0.010374252204393896,"{'criterion': 'gini', 'max_features': 0.7871735529990282, 'min_samples_split': 7, 'n_estimators': 4983.49358304605}"
-0.8986893411958168,0.008077436094732804,"{'criterion': 'entropy', 'max_features': 0.5978210569694009, 'min_samples_split': 7, 'n_estimators': 2017.133189152682}"
-0.8992333451283441,0.008289357932656729,"{'criterion': 'gini', 'max_features': 0.33618354007728535, 'min_samples_split': 6, 'n_estimators': 4258.824605421914}"
-0.8992342223760528,0.009905588604284376,"{'criterion': 'gini', 'max_features': 0.646022051856302, 'min_samples_split': 7, 'n_estimators': 4495.269869047555}"
-0.8993683435090244,0.008691535645861384,"{'criterion': 'entropy', 'max_features': 0.3557102740912206, 'min_samples_split': 6, 'n_estimators': 2291.352112318615}"
-0.899933094833291,0.00994881742972664,"{'criterion': 'gini', 'max_features': 0.5742277891099798, 'min_samples_split': 7, 'n_estimators': 1301.9737032227376}"
-0.9001844491698462,0.00842574849951692,"{'criterion': 'entropy', 'max_features': 0.3689913727752605, 'min_samples_split': 6, 'n_estimators': 3402.7305739599883}"
-0.9003346637234586,0.008279739793674168,"{'criterion': 'entropy', 'max_features': 0.3609705359371186, 'min_samples_split': 6, 'n_estimators': 4823.1270437995}"
-0.9003429996888046,0.00836686486275596,"{'criterion': 'entropy', 'max_features': 0.3830604774483838, 'min_samples_split': 6, 'n_estimators': 3945.825168737739}"
-0.9004918466518721,0.008374747579202785,"{'criterion': 'entropy', 'max_features': 0.3362320500588182, 'min_samples_split': 6, 'n_estimators': 4249.303348683859}"
-0.900542067542705,0.008267217875197148,"{'criterion': 'entropy', 'max_features': 0.331025103224278, 'min_samples_split': 6, 'n_estimators': 4478.509755764503}"
-0.9005686729027225,0.008343902790818461,"{'criterion': 'entropy', 'max_features': 0.3454220574124197, 'min_samples_split': 6, 'n_estimators': 4205.161618724276}"
-0.9006693264648937,0.008199210362140425,"{'criterion': 'entropy', 'max_features': 0.5157670864739601, 'min_samples_split': 7, 'n_estimators': 4675.261468620343}"
-0.9006776710374673,0.008929662591934598,"{'criterion': 'gini', 'max_features': 0.4831324575726452, 'min_samples_split': 7, 'n_estimators': 2513.254935802337}"
-0.9007031010388721,0.00818691536319414,"{'criterion': 'entropy', 'max_features': 0.4903811901010971, 'min_samples_split': 7, 'n_estimators': 4542.830492656863}"
-0.9007305833203784,0.008026462753114189,"{'criterion': 'entropy', 'max_features': 0.490885868465984, 'min_samples_split': 7, 'n_estimators': 4176.712924245832}"
-0.9007309270180514,0.008171344014012283,"{'criterion': 'entropy', 'max_features': 0.4846829977733414, 'min_samples_split': 7, 'n_estimators': 4653.411277498398}"
-0.9007548353913222,0.009182659672658596,"{'criterion': 'gini', 'max_features': 0.4925954707811621, 'min_samples_split': 7, 'n_estimators': 2340.6491061786082}"
-0.9008949146960322,0.0073263730898485025,"{'criterion': 'entropy', 'max_features': 0.5276755828866132, 'min_samples_split': 7, 'n_estimators': 2094.279593352008}"
-0.9009007291956899,0.007967664088598508,"{'criterion': 'entropy', 'max_features': 0.49982579379086, 'min_samples_split': 7, 'n_estimators': 3927.4133513189427}"
-0.9011206871793489,0.008916884791384905,"{'criterion': 'gini', 'max_features': 0.5273776232819962, 'min_samples_split': 7, 'n_estimators': 1882.0307711161797}"
-0.9011437017060688,0.00767883942429001,"{'criterion': 'entropy', 'max_features': 0.5081464500159764, 'min_samples_split': 7, 'n_estimators': 3518.5132866284334}"
-0.9013875735406529,0.011877577335641189,"{'criterion': 'gini', 'max_features': 0.8755507435727004, 'min_samples_split': 7, 'n_estimators': 598.067542011967}"
-0.9028395218608324,0.008117722155340141,"{'criterion': 'gini', 'max_features': 0.3981508865547332, 'min_samples_split': 7, 'n_estimators': 4560.906267625695}"
-0.9030157644482554,0.008017360593561786,"{'criterion': 'gini', 'max_features': 0.4101189753771962, 'min_samples_split': 7, 'n_estimators': 3918.3142260954205}"
-0.9037520972703188,0.007915716105517305,"{'criterion': 'entropy', 'max_features': 0.4547687320215609, 'min_samples_split': 7, 'n_estimators': 1882.6500904191514}"
-0.9038995361291333,0.007758437068968212,"{'criterion': 'entropy', 'max_features': 0.41866590441971197, 'min_samples_split': 7, 'n_estimators': 4556.322156193291}"
-0.9039441352025456,0.0077888313668583835,"{'criterion': 'entropy', 'max_features': 0.4038989982185941, 'min_samples_split': 7, 'n_estimators': 4495.9684324014015}"
-0.9039931706247304,0.007852043845171233,"{'criterion': 'entropy', 'max_features': 0.426057370422814, 'min_samples_split': 7, 'n_estimators': 4990.979552001703}"
-0.9040412579191495,0.007783826643304973,"{'criterion': 'entropy', 'max_features': 0.4148625487750918, 'min_samples_split': 7, 'n_estimators': 3671.4647068713457}"
-0.9041542044497131,0.007689197214467799,"{'criterion': 'entropy', 'max_features': 0.3984848086317985, 'min_samples_split': 7, 'n_estimators': 3919.3508945067283}"
-0.9042828614763053,0.007660645697031358,"{'criterion': 'entropy', 'max_features': 0.41152699220456584, 'min_samples_split': 7, 'n_estimators': 3312.5860186283135}"
-0.9050764090281185,0.007601590035744077,"{'criterion': 'entropy', 'max_features': 0.38621263389653276, 'min_samples_split': 7, 'n_estimators': 349.9124619184113}"
-0.9082551280135045,0.008496280858073798,"{'criterion': 'entropy', 'max_features': 0.3069398792244934, 'min_samples_split': 6, 'n_estimators': 2893.2958257453824}"
-0.9083102824020066,0.008021422427809993,"{'criterion': 'entropy', 'max_features': 0.34609836138916733, 'min_samples_split': 7, 'n_estimators': 2587.44854053867}"
-0.9085951747978838,0.007980438867562372,"{'criterion': 'entropy', 'max_features': 0.33837297577415504, 'min_samples_split': 7, 'n_estimators': 1813.4641905872568}"
-0.9088510523343258,0.007219982965701998,"{'criterion': 'entropy', 'max_features': 0.36717807237173467, 'min_samples_split': 7, 'n_estimators': 4723.433743203283}"
-0.9088760078799151,0.0073051805594347395,"{'criterion': 'entropy', 'max_features': 0.3191555730458834, 'min_samples_split': 7, 'n_estimators': 4908.809962870825}"
-0.9088923856243115,0.007365616050491993,"{'criterion': 'entropy', 'max_features': 0.3643865271930577, 'min_samples_split': 7, 'n_estimators': 4153.861296367754}"
-0.9090863334244592,0.007324787934286641,"{'criterion': 'entropy', 'max_features': 0.3153758574294845, 'min_samples_split': 7, 'n_estimators': 4999.936958534116}"
-0.9111965249039257,0.013373637764948659,"{'criterion': 'entropy', 'max_features': 0.5617316939148198, 'min_samples_split': 7, 'n_estimators': 243.92504948532815}"
-0.9211566865698894,0.06120907613556889,"{'criterion': 'gini', 'max_features': 0.794730720262077, 'min_samples_split': 4, 'n_estimators': 122.02607038505657}"
-1.0460038249797887,0.0649363824019197,"{'criterion': 'entropy', 'max_features': 0.5921967170991935, 'min_samples_split': 2, 'n_estimators': 77.67954959075132}"
-1.1197465105477313,0.07261221171536358,"{'criterion': 'entropy', 'max_features': 0.5038519284689424, 'min_samples_split': 2, 'n_estimators': 50.39574401785876}"
